SKU	Name	OriginalURL	Reason
139-128289	Adaptateur hdmi coupleur passif - f/f		PDF 404
139-128290	Adaptateur hdmi articulé 1 axe 180° - m/f		PDF 404
139-128294	Adaptateur hdmi coudé 90° vertical - a - m/f		PDF 404
139-128296	Adaptateur hdmi f/ mini hdmi m		PDF 404
139-128299	Adaptateur hdmi coudé 270° horizontal - a - m/f		PDF 404
139-128301	Adaptateur hdmi coudé 90° vertical - b - m/f		PDF 404
4DP-VP-P1-10	Panneau passe câbles 1u 10 noir		PDF 404
BAN4PC-10P	Panneau de distribution 4 pc+t 10 noir		PDF 404
BAN6PCDIS	Bandeau élec. 2p+t 1u 19 6 pc disjonc. diff +neutre 16a 30ma		No redirect URL found in HTML
PA1086FTP	Panneau 10 8 ports 1u cat.6 u/ftp noir		PDF 404
XT220400	Plastron RJ45 1 port 45x45 incliné | Accroche Keystone		No redirect URL found in HTML
PLUSBBF/AF-0.14	Plastron usb b femelle / a femelle - 0,14m		PDF 404
XTSPE001-1M	Liaison RJ45 mâle / nu cat.6 f/utp 1 m		PDF 404
CSVGAMM-0.5	Cordon svga standard m/m 0.50m		PDF 404
CSVGAMM-1	Cordon svga standard m/m 1m		PDF 404
CSVGAMM-1.8	Cordon svga standard m/m 1.8m		PDF 404
CSVGAMM-10	Cordon svga standard m/m 10m		PDF 404
CSVGAMM-15	Cordon svga standard m/m 15m		PDF 404
CSVGAMM-20	Cordon svga standard m/m 20m		PDF 404
CSVGAMM-3	Cordon svga standard m/m 3m		PDF 404
CSVGAMM-30	Cordon svga standard m/m 30m		PDF 404
CSVGAMM-5	Cordon svga standard m/m 5m		PDF 404
CSVGAMM-50	Cordon svga standard m/m 50m		PDF 404
CSVGAMM-7	Cordon svga standard m/m 7m		PDF 404
JO-FTTH-SCASCA2S	Câble fibre optique pour box Orange, SFR et Bouygues - SCAPC/SCAPC | 2m		PDF 404
XTSPE003-6.5M	Liaison RJ45 mâle / nu cat.6a f/ftp - 6.5 m -		PDF 404
FISM12XSCA10	Pigtails monomode 12 couleurs SCapc - 9/125 - 1m		PDF 404
XTSPE001-10M	Liaison pré-connectée RJ45 mâle / nu Cat.6 F/UTP 10m		PDF 404
XTSPE001-15M	Liaison RJ45 mâle / nu cat.6 f/utp 15 m		PDF 404
XTSPE001-20M	Liaison RJ45 mâle / nu cat.6 f/utp 20 m		PDF 404
XTSPE001-25M	Liaison RJ45 mâle / nu cat.6 f/utp 25 m		PDF 404
XTSPE001-30M	Liaison RJ45 mâle / nu cat.6 f/utp 30 m		PDF 404
XTSPE001-35M	Liaison RJ45 mâle / nu cat.6 f/utp 35 m		PDF 404
XTSPE001-40M	Liaison RJ45 mâle / nu cat.6 f/utp 40 m		PDF 404
XTSPE001-45M	Liaison RJ45 mâle / nu cat.6 f/utp 45 m		PDF 404
XTSPE001-50M	Liaison RJ45 mâle / nu cat.6 f/utp 50 m		PDF 404
XTSPE003-10M	Liaison RJ45 mâle / nu cat.6a f/ftp - 10 m		PDF 404
XTSPE003-15M	Liaison RJ45 mâle / nu cat.6a f/ftp - 15 m		PDF 404
XTSPE003-20M	Liaison RJ45 mâle / nu cat.6a f/ftp - 20 m		PDF 404
XTSPE003-25M	Liaison RJ45 mâle / nu cat.6a f/ftp - 25 m		PDF 404
XTSPE003-30M	Liaison RJ45 mâle / nu cat.6a f/ftp - 30 m		PDF 404
XTSPE003-35M	Liaison RJ45 mâle / nu cat.6a f/ftp - 35 m		PDF 404
XTSPE003-3M	Liaison RJ45 mâle / nu cat.6a f/ftp - 3 m		PDF 404
XTSPE003-40M	Liaison RJ45 mâle / nu cat.6a f/ftp - 40 m		PDF 404
XTSPE003-45M	Liaison RJ45 mâle / nu cat.6a f/ftp - 45 m		PDF 404
XTSPE003-50M	Liaison RJ45 mâle / nu cat.6a f/ftp - 50 m		PDF 404
XTSPE003-5M	Liaison RJ45 mâle / nu cat.6a f/ftp - 5 m		PDF 404
XTSPE004-10M	Liaison RJ45 femelle/nu cat.6 f/utp - 10 m		PDF 404
XTSPE004-15M	Liaison RJ45 femelle/nu cat.6 f/utp - 15 m		PDF 404
XTSPE004-20M	Liaison RJ45 femelle/nu cat.6 f/utp - 20 m		PDF 404
XTSPE004-25M	Liaison RJ45 femelle/nu cat.6 f/utp - 25 m		PDF 404
XTSPE004-30M	Liaison RJ45 femelle/nu cat.6 f/utp - 30 m		PDF 404
XTSPE004-35M	Liaison RJ45 femelle/nu cat.6 f/utp - 35 m		PDF 404
XTSPE004-40M	Liaison RJ45 femelle/nu cat.6 f/utp - 40 m		PDF 404
XTSPE004-45M	Liaison RJ45 femelle/nu cat.6 f/utp - 45 m		PDF 404
XTSPE004-50M	Liaison RJ45 femelle/nu cat.6 f/utp - 45 m		PDF 404
XTSPE006-10M	Liaison RJ45 femelle/nu cat.6a f/ftp - 10 m		PDF 404
XTSPE006-15M	Liaison RJ45 femelle/nu cat.6a f/ftp - 15 m		PDF 404
XTSPE006-20M	Liaison RJ45 femelle/nu cat.6a f/ftp - 20 m		PDF 404
XTSPE006-25M	Liaison RJ45 femelle/nu cat.6a f/ftp - 25 m		PDF 404
XTSPE006-30M	Liaison RJ45 femelle/nu cat.6a f/ftp - 30 m		PDF 404
XTSPE006-35M	Liaison RJ45 femelle/nu cat.6a f/ftp - 35 m		PDF 404
XTSPE006-40M	Liaison RJ45 femelle/nu cat.6a f/ftp - 40 m		PDF 404
XTSPE006-45M	Liaison RJ45 femelle/nu cat.6a f/ftp - 45 m		PDF 404
XTSPE006-50M	Liaison RJ45 femelle/nu cat.6a f/ftp - 50 m		PDF 404
XTSPE007-10M	Liaison RJ45 f latérale / nu cat.6 f/utp 10 m		PDF 404
XTSPE007-15M	Liaison RJ45 f latérale / nu cat.6 f/utp 15 m		PDF 404
XTSPE007-20M	Liaison RJ45 f latérale / nu cat.6 f/utp 20 m		PDF 404
XTSPE007-25M	Liaison RJ45 f latérale / nu cat.6 f/utp 25 m		PDF 404
XTSPE007-30M	Liaison RJ45 f latérale / nu cat.6 f/utp 30 m		PDF 404
XTSPE007-35M	Liaison RJ45 f latérale / nu cat.6 f/utp 35 m		PDF 404
XTSPE007-40M	Liaison RJ45 f latérale / nu cat.6 f/utp 40 m		PDF 404
XTSPE007-45M	Liaison RJ45 f latérale / nu cat.6 f/utp 45 m		PDF 404
XTSPE007-50M	Liaison RJ45 f latérale / nu cat.6 f/utp 45 m		PDF 404
XTSPE009-10M	Liaison RJ45 f latérale / nu cat.6a f/ftp 10 m		PDF 404
XTSPE009-15M	Liaison RJ45 f latérale / nu cat.6a f/ftp 15 m		PDF 404
XTSPE009-20M	Liaison RJ45 f latérale / nu cat.6a f/ftp 20 m		PDF 404
XTSPE009-25M	Liaison RJ45 f latérale / nu cat.6a f/ftp 25 m		PDF 404
XTSPE009-30M	Liaison RJ45 f latérale / nu cat.6a f/ftp 30 m		PDF 404
XTSPE009-35M	Liaison RJ45 f latérale / nu cat.6a f/ftp 35 m		PDF 404
XTSPE009-40M	Liaison RJ45 f latérale / nu cat.6a f/ftp 40 m		PDF 404
XTSPE009-45M	Liaison RJ45 f latérale / nu cat.6a f/ftp 45 m		PDF 404
XTSPE009-50M	Liaison RJ45 f latérale / nu cat.6a f/ftp 50 m		PDF 404
XTSPE010-10M	Liaison RJ45 mâle/femelle préconnectée cat.6 f/utp 10m		PDF 404
XTSPE010-15M	Liaison RJ45 mâle/femelle préconnectée cat.6 f/utp 15m		PDF 404
XTSPE010-20M	Liaison RJ45 mâle/femelle préconnectée cat.6 f/utp 20m		PDF 404
XTSPE010-25M	Liaison RJ45 mâle/femelle préconnectée cat.6 f/utp 25m		PDF 404
XTSPE010-30M	Liaison RJ45 mâle/femelle préconnectée cat.6 f/utp 30m		PDF 404
XTSPE010-35M	Liaison RJ45 mâle/femelle préconnectée cat.6 f/utp 35m		PDF 404
XTSPE010-40M	Liaison RJ45 mâle/femelle préconnectée cat.6 f/utp 40m		PDF 404
XTSPE010-45M	Liaison RJ45 mâle/femelle préconnectée cat.6 f/utp 45m		PDF 404
XTSPE010-50M	Liaison RJ45 mâle/femelle préconnectée cat.6 f/utp 50m		PDF 404
XTSPE012-10M	Liaison RJ45 mâle/femelle préconnectée cat.6a f/ftp 10m		PDF 404
XTSPE012-15M	Liaison RJ45 mâle/femelle préconnectée cat.6a f/ftp 15m		PDF 404
XTSPE012-20M	Liaison RJ45 mâle/femelle préconnectée cat.6a f/ftp 20m		PDF 404
XTSPE012-25M	Liaison RJ45 mâle/femelle préconnectée cat.6a f/ftp 25m		PDF 404
XTSPE012-30M	Liaison RJ45 mâle/femelle préconnectée cat.6a f/ftp 30m		PDF 404
XTSPE012-35M	Liaison RJ45 mâle/femelle préconnectée cat.6a f/ftp 35m		PDF 404
XTSPE012-40M	Liaison RJ45 mâle/femelle préconnectée cat.6a f/ftp 40m		PDF 404
XTSPE012-45M	Liaison RJ45 mâle/femelle préconnectée cat.6a f/ftp 45m		PDF 404
XTSPE012-50M	Liaison RJ45 mâle/femelle préconnectée cat.6a f/ftp 50m		PDF 404
XTSPE021-10M	Liaisons rj préco c6a f/ftp f/f - 10 m		PDF 404
XTSPE021-15M	Liaisons rj préco c6a f/ftp f/f - 15 m		PDF 404
XTSPE021-50M	Liaisons rj préco c6a f/ftp f/f - 50 ml		PDF 404
XTSPE16-10M	Liaison RJ45 f coudé / f droit préconnectée cat.6 f/utp 10m		PDF 404
XTSPE16-15M	Liaison RJ45 f coudé / f droit préconnectée cat.6 f/utp 15m		PDF 404
XTSPE16-20M	Liaison RJ45 f coudé / f droit préconnectée cat.6 f/utp 20m		PDF 404
XTSPE16-25M	Liaison RJ45 f coudé / f droit préconnectée cat.6 f/utp 25m		PDF 404
XTSPE16-30M	Liaison RJ45 f coudé / f droit préconnectée cat.6 f/utp 30m		PDF 404
XTSPE16-35M	Liaison RJ45 f coudé / f droit préconnectée cat.6 f/utp 35m		PDF 404
XTSPE16-40M	Liaison RJ45 f coudé / f droit préconnectée cat.6 f/utp 40m		PDF 404
XTSPE16-45M	Liaison RJ45 f coudé / f droit préconnectée cat.6 f/utp 45m		PDF 404
XTSPE16-50M	Liaison RJ45 f coudé / f droit préconnectée cat.6 f/utp 50m		PDF 404
TC5002F/UTP6OHG	Câble 2x4 paires Cat. 6 F/UTP - LSZH - Gris | ACOME 500m		PDF 404
BM4PCAIAC	Bloc multiprises 4 prises 2P+T avec interrupteur à câbler		No redirect URL found in HTML
66087	Onduleur OFF Line Z2 EX - 1000 VA / 500 WATT		PDF 404
M25	Kit presse-etoupe m25 goujon filete longueur 10mm		PDF 404
M40	Kit presse-etoupe m40 goujon filete longueur 18mm		PDF 404
346-PPX253016	Plaque montage polyester 250x300x160		PDF 404
PA10121UNU	Panneau 10 12 ports 1u		PDF 404
332-83189	Boitier de jonction pour enfouissement 3 entrées / sorties | 24 fibres		PDF 404
332-83187	Boitier de jonction pour enfouissement 2 entrées / sorties | 24 fibres		PDF 404
332-83189-1	Boitier de jonction pour enfouissement 3 entrées / sorties | 48 fibres		PDF 404
CAFTTH4FOPELSOH	Câble pour liaison abonnés et distribution 4 FO  Double gaine (PE + LSZH)		PDF 404
JO-FTTH-SCASCA10S	Câble fibre optique pour box Orange, SFR et Bouygues - SCAPC/SCAPC | 10m		PDF 404
JO-FTTH-SCASCA15S	Câble fibre optique pour box Orange, SFR et Bouygues - SCAPC/SCAPC | 15m		PDF 404
JO-FTTH-SCASCA1S	Câble fibre optique pour box Orange, SFR et Bouygues - SCAPC/SCAPC | 1m		PDF 404
JO-FTTH-SCASCA20S	Câble fibre optique pour box Orange, SFR et Bouygues - SCAPC/SCAPC | 20m		PDF 404
JO-FTTH-SCASCA25S	Câble fibre optique pour box Orange, SFR et Bouygues - SCAPC/SCAPC | 25m		PDF 404
JO-FTTH-SCASCA30S	Câble fibre optique pour box Orange, SFR et Bouygues - SCAPC/SCAPC | 30m		PDF 404
JO-FTTH-SCASCA50S	Câble fibre optique pour box Orange, SFR et Bouygues - SCAPC/SCAPC | 50m		PDF 404
JO-FTTH-SCASC15S	Câble fibre optique pour Freebox - SCAPC/SC | 15m		PDF 404
JO-FTTH-SCASC20S	Câble fibre optique pour Freebox - SCAPC/SC | 20m		PDF 404
JO-FTTH-SCASC30S	Câble fibre optique pour Freebox - SCAPC/SC | 30m		PDF 404
352-MRT1U500	Onduleur 1U 500VA In-Line - Rack 19 pouces - 4 ports C13		No redirect URL found in HTML
352-MRT1U750	Onduleur 1U 750VA In-Line - Rack 19 pouces - 4 ports C13		No redirect URL found in HTML
FISM12XLC20-EASY	Pigtails monomode 12 couleurs LC - 9/125 - 2m - EASY STRIP		No redirect URL found in HTML
FISM1XLC20-EASY	Pigtail monomode lsoh LC - 9/125 - 2m - EASY STRIP		No redirect URL found in HTML
